{
  "ks": [
    2,
    3,
    5,
    10
  ],
  "reader_k": 5,
  "reader": "extractive-heuristic (NON-LLM lower bound)",
  "n_questions": 150,
  "n_paragraphs": 1490,
  "sweep": {
    "vector_only": {
      "2": {
        "all": {
          "recall": 0.75,
          "joint": 0.5266666666666666
        },
        "comparison": {
          "recall": 0.9464285714285714,
          "joint": 0.8928571428571429
        },
        "bridge": {
          "recall": 0.7049180327868853,
          "joint": 0.4426229508196721
        }
      },
      "3": {
        "all": {
          "recall": 0.83,
          "joint": 0.6666666666666666
        },
        "comparison": {
          "recall": 0.9642857142857143,
          "joint": 0.9285714285714286
        },
        "bridge": {
          "recall": 0.7991803278688525,
          "joint": 0.6065573770491803
        }
      },
      "5": {
        "all": {
          "recall": 0.8833333333333333,
          "joint": 0.7733333333333333
        },
        "comparison": {
          "recall": 1.0,
          "joint": 1.0
        },
        "bridge": {
          "recall": 0.8565573770491803,
          "joint": 0.7213114754098361
        }
      },
      "10": {
        "all": {
          "recall": 0.9666666666666667,
          "joint": 0.9333333333333333
        },
        "comparison": {
          "recall": 1.0,
          "joint": 1.0
        },
        "bridge": {
          "recall": 0.9590163934426229,
          "joint": 0.9180327868852459
        }
      }
    },
    "graph_inject": {
      "2": {
        "all": {
          "recall": 0.75,
          "joint": 0.5266666666666666
        },
        "comparison": {
          "recall": 0.9464285714285714,
          "joint": 0.8928571428571429
        },
        "bridge": {
          "recall": 0.7049180327868853,
          "joint": 0.4426229508196721
        }
      },
      "3": {
        "all": {
          "recall": 0.9,
          "joint": 0.8066666666666666
        },
        "comparison": {
          "recall": 0.9642857142857143,
          "joint": 0.9285714285714286
        },
        "bridge": {
          "recall": 0.8852459016393442,
          "joint": 0.7786885245901639
        }
      },
      "5": {
        "all": {
          "recall": 0.9466666666666667,
          "joint": 0.9
        },
        "comparison": {
          "recall": 1.0,
          "joint": 1.0
        },
        "bridge": {
          "recall": 0.9344262295081968,
          "joint": 0.8770491803278688
        }
      },
      "10": {
        "all": {
          "recall": 0.9833333333333333,
          "joint": 0.9666666666666667
        },
        "comparison": {
          "recall": 1.0,
          "joint": 1.0
        },
        "bridge": {
          "recall": 0.9795081967213115,
          "joint": 0.9590163934426229
        }
      }
    },
    "graph_rerank": {
      "2": {
        "all": {
          "recall": 0.75,
          "joint": 0.5266666666666666
        },
        "comparison": {
          "recall": 0.9464285714285714,
          "joint": 0.8928571428571429
        },
        "bridge": {
          "recall": 0.7049180327868853,
          "joint": 0.4426229508196721
        }
      },
      "3": {
        "all": {
          "recall": 0.83,
          "joint": 0.6666666666666666
        },
        "comparison": {
          "recall": 0.9642857142857143,
          "joint": 0.9285714285714286
        },
        "bridge": {
          "recall": 0.7991803278688525,
          "joint": 0.6065573770491803
        }
      },
      "5": {
        "all": {
          "recall": 0.8833333333333333,
          "joint": 0.7733333333333333
        },
        "comparison": {
          "recall": 1.0,
          "joint": 1.0
        },
        "bridge": {
          "recall": 0.8565573770491803,
          "joint": 0.7213114754098361
        }
      },
      "10": {
        "all": {
          "recall": 0.9533333333333334,
          "joint": 0.9133333333333333
        },
        "comparison": {
          "recall": 1.0,
          "joint": 1.0
        },
        "bridge": {
          "recall": 0.9426229508196722,
          "joint": 0.8934426229508197
        }
      }
    }
  },
  "reader_scores": {
    "vector_only": {
      "answer_em": 0.05333333333333334,
      "answer_f1": 0.08980735930735931,
      "ev_recall": 0.8833333333333333,
      "ev_joint": 0.7733333333333333
    },
    "graph_inject": {
      "answer_em": 0.05333333333333334,
      "answer_f1": 0.08536291486291486,
      "ev_recall": 0.9466666666666667,
      "ev_joint": 0.9
    },
    "graph_rerank": {
      "answer_em": 0.05333333333333334,
      "answer_f1": 0.08980735930735931,
      "ev_recall": 0.8833333333333333,
      "ev_joint": 0.7733333333333333
    }
  }
}