{
  "n": 1000000,
  "dim": 384,
  "k": 10,
  "queries": 320,
  "counts": {
    "member": 160,
    "midpoint": 80,
    "nonmember": 80,
    "total": 320
  },
  "eps": 0.02,
  "tridb": {
    "recall": 0.9193749999999999,
    "p50_ms": 1.1821920052170753,
    "p95_ms": 1.8355679581873119,
    "n": 320
  },
  "milvus": {
    "ef16": {
      "recall": 0.7778125,
      "p50_ms": 1.9870479591190815,
      "p95_ms": 2.5381304905749857,
      "n": 320
    },
    "ef32": {
      "recall": 0.8546875,
      "p50_ms": 2.119528013281524,
      "p95_ms": 2.600561559665948,
      "n": 320
    },
    "ef48": {
      "recall": 0.8875,
      "p50_ms": 2.1827039308845997,
      "p95_ms": 2.61989610735327,
      "n": 320
    },
    "ef64": {
      "recall": 0.9084375,
      "p50_ms": 2.3184395395219326,
      "p95_ms": 2.676814212463796,
      "n": 320
    },
    "ef96": {
      "recall": 0.928125,
      "p50_ms": 2.5084479711949825,
      "p95_ms": 2.9268465004861355,
      "n": 320
    },
    "ef128": {
      "recall": 0.944375,
      "p50_ms": 2.6436474872753024,
      "p95_ms": 3.127464686986059,
      "n": 320
    },
    "ef256": {
      "recall": 0.9668749999999999,
      "p50_ms": 3.047824022360146,
      "p95_ms": 3.7415444967336953,
      "n": 320
    }
  },
  "matched_milvus_ef": "ef96",
  "comparison": {
    "recall_tridb": 0.9194,
    "recall_milvus": 0.9281,
    "tridb_p50_ms": 1.182,
    "milvus_p50_ms": 2.508,
    "tridb_p95_ms": 1.836,
    "milvus_p95_ms": 2.927,
    "milvus_faster_x": 0.47
  }
}